﻿<?xml version="1.0"?>
<sales>
  <Customer id="01">
      <FirstName>Samuel</FirstName>
      <LastName>Jones</LastName>
      <ContactNo>1234567908</ContactNo>
      <Email>samueljones@ijk.com</Email>
      <Address id="01">
           <City>San Francisco</City>
           <State>California</State>
           <Zip>94016</Zip>
      </Address>
      <Address id="02">
           <City>Berkeley</City>
           <State>Illinois</State>
           <Zip>94701</Zip>
      </Address>
      <policy-type>Lumpsum</policy-type>
      <policy-name>Pharma Fund</policy-name>
      <regular-direct>Regular</regular-direct>
      <Unit-Value>120</Unit-Value>
      <Units>35</Units>
      <Value>4200</Value>
      <Purchase-Date>05-28-2022</Purchase-Date>
  </Customer>
  <Customer id="02">
      <FirstName>John</FirstName>
      <LastName>Davis</LastName>
      <ContactNo>1234568097</ContactNo>
      <Email>johndavis@mno.com</Email>
      <Address id="01">
           <City>Phoenix</City>
           <State>Arizona</State>
           <Zip>85002</Zip>
      </Address>
      <Address id="02">
           <City>Tucson</City>
           <State>Arizona</State>
           <Zip>85701</Zip>
      </Address>
      <policy-type>SIP</policy-type>
      <policy-name>Mid Cap Fund</policy-name>
      <regular-direct>Direct</regular-direct>
      <Unit-Value>110</Unit-Value>
      <Units>30</Units>
      <Value>3300</Value>
      <Purchase-Date>05-29-2022</Purchase-Date>
  </Customer>
</sales>
