﻿<?xml version="1.0"?>
<sales>
  <Customer id="01">
      <FirstName>Michael</FirstName>
      <LastName>Smith</LastName>
      <ContactNo>1234567890</ContactNo>
      <Email>michaelsmith@xyz.com</Email>
      <Address id="01">
           <City>Chicago</City>
           <State>Illinois</State>
           <Zip>60007</Zip>
      </Address>
      <Address id="02">
           <City>Ottawa</City>
           <State>Illinois</State>
           <Zip>61350</Zip>
      </Address>
      <policy-type>Lumpsum</policy-type>
      <policy-name>Tech Fund</policy-name>
      <regular-direct>Regular</regular-direct>
      <Unit-Value>100</Unit-Value>
      <Units>25</Units>
      <Value>2500</Value>
      <Purchase-Date>05-29-2022</Purchase-Date>
  </Customer>
  <Customer id="02">
      <FirstName>Robert</FirstName>
      <LastName>Rodriguez</LastName>
      <ContactNo>1234567809</ContactNo>
      <Email>robertrodriguez@abc.com</Email>
      <Address id="01">
           <City>New Orleans</City>
           <State>Louisiana</State>
           <Zip>70032</Zip>
      </Address>
      <policy-type>SIP</policy-type>
      <policy-name>Commodities Fund</policy-name>
      <regular-direct>Direct</regular-direct>
      <Unit-Value>80</Unit-Value>
      <Units>30</Units>
      <Value>2400</Value>
      <Purchase-Date>05-26-2022</Purchase-Date>
  </Customer>
</sales>
